Johselyne Balderrama <johselyne.balderrama@dharbor.com>,
"maummq@gmail.com" <maummq@gmail.com>,
"Arieltpatty@gmail.com" <Arieltpatty@gmail.com>,
"angelolivera111@gmail.com" <angelolivera111@gmail.com>,
"brandonponcedeleon@gmail.com" <brandonponcedeleon@gmail.com>,
"samanthazambrana.rv@gmail.com" <samanthazambrana.rv@gmail.com>,
"joseantoniovargastellez@gmail.com" <joseantoniovargastellez@gmail.com>,
"ronnybq2137@gmail.com" <ronnybq2137@gmail.com>,
"eliasfranco2379@gmail.com" <eliasfranco2379@gmail.com>,
"79703889a@gmail.com" <79703889a@gmail.com>,
"jancoa795@gmail.com" <jancoa795@gmail.com>,
"bettyandrade94@gmail.com" <bettyandrade94@gmail.com>,
"tarquipedro24@gmail.com" <tarquipedro24@gmail.com>,
"maulsalles@gmail.com" <maulsalles@gmail.com>,
"kevinmolina.dev@gmail.com" <kevinmolina.dev@gmail.com>,
"aileenchambi9@gmail.com" <aileenchambi9@gmail.com>,
"vluisfernando62@gmail.com" <vluisfernando62@gmail.com>,
"lau.nunez@outlook.es" <lau.nunez@outlook.es>,
"dilanjuan039@gmail.com" <dilanjuan039@gmail.com>,
"miguelangelvillcanina19@gmail.com" <miguelangelvillcanina19@gmail.com>,
"dmgarg97@gmail.com" <dmgarg97@gmail.com>,
"berrios.luis649@gmail.com" <berrios.luis649@gmail.com>,
"fabianacarlamattossejas@gmail.com" <fabianacarlamattossejas@gmail.com>,
"gabriela.nataly.torrico@gmail.com" <gabriela.nataly.torrico@gmail.com>,
"y.grecia099@gmail.com" <y.grecia099@gmail.com>,
"dignosebastiangutierrezoropeza@gmail.com" <dignosebastiangutierrezoropeza@gmail.com>,
"rodrigozambrana095@gmail.com" <rodrigozambrana095@gmail.com>,
"ajno.fernando.947@gmail.com" <ajno.fernando.947@gmail.com>,
"miguelvicente150801@gmail.com" <miguelvicente150801@gmail.com>,
"natalia03karen@gmail.com" <natalia03karen@gmail.com>,
"ffponce2015@gmail.com" <ffponce2015@gmail.com>,
"rodrigo.m.cespedes.paredes@gmail.com" <rodrigo.m.cespedes.paredes@gmail.com>,
"castelloanghelo@gmail.com" <castelloanghelo@gmail.com>,
"jorge.luis.alejo.gutierrez@gmail.com" <jorge.luis.alejo.gutierrez@gmail.com>,
"zapataparidaniela@gmail.com" <zapataparidaniela@gmail.com>,
"salvadorcaceresc@gmail.com" <salvadorcaceresc@gmail.com>,
"andy.ortiz.f21@gmail.com" <andy.ortiz.f21@gmail.com>,
"kevincalani2311@gmail.com" <kevincalani2311@gmail.com>,
"ramirez.davalos.ml@gmail.com" <ramirez.davalos.ml@gmail.com>,
"will_kioca06@hotmail.com" <will_kioca06@hotmail.com>,
"rafaelurquidi1@gmail.com" <rafaelurquidi1@gmail.com>,
"Aylingarcianicol@gmail.com" <Aylingarcianicol@gmail.com>,
"Iriarteabiel463@gmail.com" <Iriarteabiel463@gmail.com>,
"davo16dp@gmail.com" <davo16dp@gmail.com>,
"juancarlosamadoryucra@gmail.com" <juancarlosamadoryucra@gmail.com>,
"201706593@est.umss.edu" <201706593@est.umss.edu>,
"Aldexkepex.al@gmail.com" <Aldexkepex.al@gmail.com>,
"cristianmanuel007@gmail.com" <cristianmanuel007@gmail.com>,
"valeriacabrera198833@gmail.com" <valeriacabrera198833@gmail.com>,
"kevinrodrigoperaltaayllon@gmail.com" <kevinrodrigoperaltaayllon@gmail.com>,
"www.jhos@gmail.com" <www.jhos@gmail.com>,
"fercallg@gmail.com" <fercallg@gmail.com>,
"moisesnew47@gmail.com" <moisesnew47@gmail.com>,
"lfamadory@gmail.com" <lfamadory@gmail.com>,
"lilianasalinasmi@gmail.com" <lilianasalinasmi@gmail.com>,
"ronaldmencas@gmail.com" <ronaldmencas@gmail.com>,
"adriantorrez664@gmail.com" <adriantorrez664@gmail.com>,
"jhoellimari@gmail.com" <jhoellimari@gmail.com>,
"joaco.ve15@gmail.com" <joaco.ve15@gmail.com>,
"jbrianv.dev@gmail.com" <jbrianv.dev@gmail.com>,
"casillacruzlizz@gmail.com" <casillacruzlizz@gmail.com>,
"gemajancopaola@gmail.com" <gemajancopaola@gmail.com>,
"marcoantonioaldabat@gmail.com" <marcoantonioaldabat@gmail.com>,
"lizdancc@gmail.com" <lizdancc@gmail.com>,
"miguelmita100121144@gmail.com" <miguelmita100121144@gmail.com>,
"umasoraide@gmail.com" <umasoraide@gmail.com>,
"alanchura92@gmail.com" <alanchura92@gmail.com>,
"cocaever0@gmail.com" <cocaever0@gmail.com>,
"fer.guzg2@gmail.com" <fer.guzg2@gmail.com>,
"raybran25adrian@gmail.com" <raybran25adrian@gmail.com>,
"maripaorg120@gmail.com" <maripaorg120@gmail.com>,
"subelzaolivitocabezas@gmail.com" <subelzaolivitocabezas@gmail.com>,
"mamjhoss@gmail.com" <mamjhoss@gmail.com>,
"danieltolaba852@gmail.com" <danieltolaba852@gmail.com>,
"gaby001m@gmail.com" <gaby001m@gmail.com>,
"velardequispedaniel@gmail.com" <velardequispedaniel@gmail.com>,
"pablojuniorsierra@gmail.com" <pablojuniorsierra@gmail.com>,
"ramirezyapura@gmail.com" <ramirezyapura@gmail.com>,
"lezma.07@gmail.com" <lezma.07@gmail.com>,
"edisonamjs@gmail.com" <edisonamjs@gmail.com>,
"fernandezrojasrogers123@gmail.com" <fernandezrojasrogers123@gmail.com>,
"selenasoscc@gmail.com" <selenasoscc@gmail.com>,
"shirleyquelaliquispe@gmail.com" <shirleyquelaliquispe@gmail.com>,
"Veizagaperezc@gmail.com" <Veizagaperezc@gmail.com>,
"wen.avar2002@gmail.com" <wen.avar2002@gmail.com>,
"damita.roj22@gmail.com" <damita.roj22@gmail.com>,
"andrealizbethquelali5@gmail.com" <andrealizbethquelali5@gmail.com>,
"shei.rv121@gmail.com" <shei.rv121@gmail.com>,
"alejandra.pacheco1812@gmail.com" <alejandra.pacheco1812@gmail.com>,
"avadro_332@hotmail.com" <avadro_332@hotmail.com>,
"lsaymol.55@gmail.com" <lsaymol.55@gmail.com>,
"marcosberriosal@gmail.com" <marcosberriosal@gmail.com>,
"mauriciogarciam9@gmail.com" <mauriciogarciam9@gmail.com>,
"angelhc0106@gmail.com" <angelhc0106@gmail.com>,
"jmquispe.net@gmail.com" <jmquispe.net@gmail.com>,
"hasanblanco@gmail.com" <hasanblanco@gmail.com>,
"yoesmarloza@gmail.com" <yoesmarloza@gmail.com>,
"patriciabelen.cruz.nina@gmail.com" <patriciabelen.cruz.nina@gmail.com>,
"jorge.d.beltran.o@gmail.com" <jorge.d.beltran.o@gmail.com>